name,email,phone
Lexa Technologies,info@lexa.tn,51 837 690
Medius,info.france@medius.com,+33 1 85 09 28 40
Swiver,info@swiver.io,36 018 000
Campion-Tech,contact@campion-tech.com,25 004 924
Mint IT,contact@mintit.io,71 891 743
Cynoia,Contact@cynoia.com,
STEPS,contact@steps.tn,31 318 701
Ingenius IT - Société informatique Tunisie,contact@ingeniusit.com,92 682 923
VERMEG Tunisia,communication@vermeg.com,71 160 600
CYBERESA,info@cyberesa.net,71 947 401
littlewolf.tech Tunisia,info@littlewolf.tech,98 321 825
Eezee-it Tunis - Odoo Partner,info@eezee-it.com,
ITSolution Tunisie,commercial@itsolution-tn.com,23 689 978
Hannibal advanced solutions : Agence Web Tunisie,contact@hannibaladvanced.com,29 316 499
Mint IT,Tunisiacontact@mint.io,71 891 743
Think Tank Business Solutions,info@thinktank.de,71 784 726
Massar Digital,contact@massar-digital.com,58 135 908
RFIDIA,contact@rfidia.com,27 224 949
Axynoxia,contact@axynoxia.com,54 886 068
Mediasoft,info@mediasoft.tn,52 444 444
WinSoft Informatique,contact@winsoftinformatique.tn,71 712 227
INTERACT,contact@interact.tn,70 814 614
SAFOZI - Rock Solid Cloud Infrastructure,Support@safozi.com,70 036 675
Linckia Tunisie,contact@linckia.tn,20 735 553
Dune Technology,hey@dunetech.co.uk,
IDEAL CONCEPTION,contact@idealconception.com,73 204 210
Wizio Digital Services,contact@wizio.tn,93 476 606
Softylines DEV,ask@softylines.com,20 133 133
ITGate,contact@itgate-group.com,73 325 001
Smoft ERP,contact@smoft.tn,73 240 854
Bizup,contact@bizup.tn,98 991 922
Celestial Wave Digital,celestialwavedigital@gmail.com,50 740 663
SIMSOFT Technologies Tunisie,commercial@simsoft.com.tn,73 213 688
Evoplast sousse,info@whitecapetech.com,31 208 888
Nachd IT,IT@gmail.net,27 751 305
Apeiron Technologies (Développement de logiciel),contact@apeiron-tech.com,51 885 885
VAERDIA,contact@vaerdia.com,73 368 132
ASM Sousse - All Soft Multimedia - Ingénierie logicielle,sav@asm-tunisie.com,92 242 610
Valomnia Labs - Apptiv-IT,contact@valomnia.com,
DevXperts : Société d’Outsourcing des Ressources TI,IKchaou@devxperts.tn,50 346 313
"ASM - Caisse tactile tunisie, balance électronique (sfax)",sav@asm-tunisie.com,92 022 808
Softtodo,contact@softtodo.com,74 660 544
PIVA Software,sales@pivasoftware.com,74 611 029
ABS COMPUTER,contact@abscomputer.tn,70 015 081
Business Software,contact@businessoftware.com.tn,74 452 209
A2SOFT,Contact@a2soft.tn,74 400 336
ZETA-BOX,contact@zeta-box.com,29 009 390
ICT Technologies,contact@ict.com.tn,26 219 632
GREATSOFT,contact@greatsoft.com.tn,22 247 041
ID SOFT - Caisse Tactile Tunisie,id2softwaresolutions@gmail.com,52 316 703
Telnet,info@groupe-telnet.net,
Fogits - Intégrateur ERP Odoo,info@fogits.com,58 433 533
IT SERVICES,contact@tun-its.com,74 227 995
Web Media Tunisie,commercial@webmediatunisie.com,25 472 525
AS AGENCY - Agence Web Tunis,hello@as-agency.com,26 052 000
Agence webdesign.,info@webdesign.tn,71 704 932
Yoursly,Business@yrsly.com,26 900 904
Mynds,contact@mynds-team.com,29 543 202
Aftercode,contact@aftercode.tn,24 201 201
E-SKILLS - WEB AND MOBILE DEVELOPMENT AGENCY,dhiaguedri@eskills.agency,52 838 318
AISYSNEXT,contact@aisysnext.com,27 797 980
DCI Websolutions,contact@dci-websolutions.com,+1 418-262-5167
Digital rise solutions | SEO | référencement naturel | Agence SEO Tunisie | سيو,amira@digitalrisesolutions.com,22 105 514
Silkdev - Global Website Design Company,contact@silkdev.com.tn,92 018 279
Ikigai Agence de communication Tunisie,contact@ikigai.tn,90 601 300
Zahou Tech,contact@zahou-tech.com,99 655 495
TANIT WEB,Contact@tanitweb.com,71 900 906
"Media Web Services : Agence Web Tunisie - Agence Web Kairouan, Site Web, Application Mobile, Shooting et Vidéo - MWS Services",contact@mws-services.com,22 225 951
Agence Web THE ROAD,contact@theroad.tn,94 337 199
iBrand Tunisia,contact@ibrandtunisia.tn,51 656 969
Winit Tunisia - Erp - Sap Partner,AbdelkrimBenFarhat@winit.com.tn,22 595 515
Digital rise solutions | SEO | référencement naturel | Agence SEO Tunisie | سيو,amira@digital-rise-solutions.com,22 105 514
Devlopy,Contact@devlopy.tn,93 013 083
TIMSOFT Group,contact@timsoft-group.com,70 860 870
Faveod Tunisia,jobs@faveod.com,
Numeryx Tunisie,contact@numeryx.fr,71 130 131
ZUM-IT,contact@zum-it.com,71 602 410
NeoXam,privacy@neoxam.com,71 116 300
Gola Services,contact@gola.tn,71 709 333
SpaceNet Ariana,contact@spacenet.tn,70 223 305
Avantages Soft,contact@avantages-soft.com.tn,74 402 909
WEBI,webitunisie@gmail.com,27 707 777
AS Référencement,contact@as-referencement.com,25 693 159
Kaoun,contact@flouci.com,31 334 400
ADACTIM,contact@adactim.com,31 340 000
