name,email,phone,website
Lexa Technologies,info@lexa.tn,51 837 690,https://www.lexa.tn/
Campion-Tech,contact@campion-tech.com,25 004 924,http://campion-tech.com/page/about-us
Swiver,info@swiver.io,36 018 000,https://swiver.io/
Cynoia,Contact@cynoia.com,,https://cynoia.com/
STEPS,contact@steps.tn,31 318 701,https://www.steps.tn/
Ingenius IT - Société informatique Tunisie,contact@ingeniusit.com,92 682 923,https://ingeniusit.com/
VERMEG Tunisia,communication@vermeg.com,71 160 600,http://www.vermeg.com/
CYBERESA,info@cyberesa.net,71 947 401,http://www.cyberesa.net/
Think Tank Business Solutions,info@thinktank.de,71 784 726,http://www.thinktank.de/
littlewolf.tech Tunisia,info@littlewolf.tech,98 321 825,https://littlewolf.tech/
Eezee-it Tunis - Odoo Partner,info@eezee-it.com,,https://eezee-it.com/
ITSolution Tunisie,commercial@itsolution-tn.com,23 689 978,http://www.itsolution-tn.com/
Hannibal advanced solutions : Agence Web Tunisie,contact@hannibaladvanced.com,29 316 499,http://hannibaladvanced.com/
Massar Digital,contact@massar-digital.com,58 135 908,https://massar-digital.com/
RFIDIA,contact@rfidia.com,27 224 949,https://www.rfidia.com/
Axynoxia,contact@axynoxia.com,54 886 068,https://axynoxia.com/
Mediasoft,info@mediasoft.tn,52 444 444,http://mediasoft.tn/
WinSoft Informatique,contact@winsoftinformatique.tn,71 712 227,http://www.winsoftinformatique.tn/
INTERACT,contact@interact.tn,70 814 614,http://www.interact.tn/
SAFOZI - Rock Solid Cloud Infrastructure,Support@safozi.com,70 036 675,https://www.safozi.com/
Linckia Tunisie,contact@linckia.tn,20 735 553,http://www.linckia.tn/
Dune Technology,hey@dunetech.co.uk,,https://www.dunetech.co.uk/
NeoXam,privacy@neoxam.com,71 116 300,http://www.neoxam.com/
IDEAL CONCEPTION,contact@idealconception.com,73 204 210,http://www.idealconception.com/
Wizio Digital Services,contact@wizio.tn,93 476 606,https://wizio.tn/
Softylines DEV,ask@softylines.com,20 133 133,http://www.softylines.com/
ITGate,contact@itgate-group.com,73 325 001,https://itgate-group.com/
Smoft ERP,contact@smoft.tn,73 240 854,https://www.smoft.tn/
Bizup,contact@bizup.tn,98 991 922,https://www.bizup.tn/
SIMSOFT Technologies Tunisie,commercial@simsoft.com.tn,73 213 688,http://www.simsoft.com.tn/
Evoplast sousse,info@whitecapetech.com,31 208 888,https://whitecapetech.com/
Apeiron Technologies (Développement de logiciel),contact@apeiron-tech.com,51 885 885,https://www.apeiron-tech.com/
VAERDIA,contact@vaerdia.com,73 368 132,https://www.vaerdia.com/
Valomnia Labs - Apptiv-IT,contact@valomnia.com,,http://www.valomnia.com/
DevXperts : Société d’Outsourcing des Ressources TI,IKchaou@devxperts.tn,50 346 313,https://devxperts.tn/
Softtodo,contact@softtodo.com,74 660 544,http://softtodo.com/
PIVA Software,sales@pivasoftware.com,74 611 029,http://pivasoftware.com/
Business Software,contact@businessoftware.com.tn,74 452 209,http://www.businessoftware.com.tn/
A2SOFT,Contact@a2soft.tn,74 400 336,http://www.a2soft.tn/
ZETA-BOX,contact@zeta-box.com,29 009 390,https://zeta-box.com/
ICT Technologies,contact@ict.com.tn,26 219 632,http://www.ict.com.tn/
GREATSOFT,contact@greatsoft.com.tn,22 247 041,http://www.greatsoft.com.tn/
Fogits - Intégrateur ERP Odoo,info@fogits.com,58 433 533,http://www.fogits.com/
AS AGENCY - Agence Web Tunis,hello@as-agency.com,26 052 000,https://as-agency.com/
Agence webdesign.,info@webdesign.tn,71 704 932,https://www.webdesign.tn/
Yoursly,Business@yrsly.com,26 900 904,http://www.yrsly.com/
Mynds,contact@mynds-team.com,29 543 202,http://mynds-team.com/
Aftercode,contact@aftercode.tn,24 201 201,http://www.aftercode.tn/
E-SKILLS - WEB AND MOBILE DEVELOPMENT AGENCY,dhiaguedri@eskills.agency,52 838 318,https://eskills.agency/
AISYSNEXT,contact@aisysnext.com,27 797 980,http://aisysnext.com/
DCI Websolutions,contact@dci-websolutions.com,+1 418-262-5167,https://www.dci-websolutions.com/
Silkdev - Global Website Design Company,contact@silkdev.com.tn,92 018 279,https://silkdev.com.tn/
Ikigai Agence de communication Tunisie,contact@ikigai.tn,90 601 300,https://ikigai.tn/
Zahou Tech,contact@zahou-tech.com,99 655 495,https://zahou-tech.com/
TANIT WEB,Contact@tanitweb.com,71 900 906,https://www.tanitweb.com/
"Media Web Services : Agence Web Tunisie - Agence Web Kairouan, Site Web, Application Mobile, Shooting et Vidéo - MWS Services",contact@mws-services.com,22 225 951,http://mws-services.com/
Agence Web THE ROAD,contact@theroad.tn,94 337 199,https://www.theroad.tn/
iBrand Tunisia,contact@ibrandtunisia.tn,51 656 969,http://www.ibrandtunisia.tn/
Winit Tunisia - Erp - Sap Partner,AbdelkrimBenFarhat@winit.com.tn,22 595 515,https://www.winit.com.tn/
Devlopy,Contact@devlopy.tn,93 013 083,https://devlopy.tn/
TIMSOFT Group,contact@timsoft-group.com,70 860 870,https://timsoft-group.com/
Faveod Tunisia,jobs@faveod.com,,http://www.faveod.com/
Numeryx Tunisie,contact@numeryx.fr,71 130 131,https://www.numeryx.fr/
ZUM-IT,contact@zum-it.com,71 602 410,https://www.zum-it.com/
Gola Services,contact@gola.tn,71 709 333,https://select.gola.tn/
SpaceNet Ariana,contact@spacenet.tn,70 223 305,https://spacenet.tn/
Avantages Soft,contact@avantages-soft.com.tn,74 402 909,http://www.avantages-soft.com.tn/
AS Référencement,contact@as-referencement.com,25 693 159,https://www.as-referencement.com/
ADACTIM,contact@adactim.com,31 340 000,http://www.adactim.com/
